Iteration,Position
1,-1
1,0
1,1
1,0
1,1
1,-1
1,1
1,1
1,-1
1,-1
1,0
1,1
1,0
1,1
1,1
1,0
1,-1
1,1
1,0
1,1
1,0
1,-1
1,-1
1,0
1,-1
1,1
1,-1
1,1
1,-1
1,0
1,-1
1,0
1,1
1,-1
1,-1
1,1
1,0
1,1
1,1
1,1
1,0
1,-1
1,1
1,1
1,-1
1,1
1,-1
1,-1
1,0
1,1
1,0
1,-1
1,-1
1,1
1,1
1,0
1,1
1,-1
1,0
1,1
1,1
1,0
1,1
1,1
1,0
1,1
1,0
1,0
1,1
1,0
1,-1
1,0
1,1
1,1
1,-1
1,-1
1,1
1,0
1,-1
1,0
1,0
1,1
1,1
1,0
1,1
1,1
1,-1
1,0
1,1
1,0
1,1
1,0
1,-1
1,0
1,1
1,1
1,-1
1,-1
1,-1
1,-1
2,1
2,2
2,0
2,0
2,0
2,1
2,0
2,0
2,1
2,0
2,2
2,2
2,1
2,1
2,0
2,0
2,2
2,2
2,0
2,2
2,0
2,0
2,1
2,0
2,1
2,1
2,2
2,1
2,0
2,2
2,1
2,1
2,2
2,2
2,2
2,0
2,2
2,2
2,0
2,1
2,0
2,1
2,1
2,2
2,2
2,1
2,0
2,2
2,1
2,0
2,2
2,2
2,1
2,0
2,2
2,1
2,1
2,2
2,2
2,2
2,2
2,2
2,0
2,2
2,2
2,0
2,0
2,1
2,0
2,1
2,2
2,1
2,2
2,2
2,0
2,2
2,0
2,1
2,1
2,1
2,2
2,1
2,1
2,1
2,2
2,1
2,2
2,1
2,1
2,2
2,0
2,0
2,1
2,1
2,1
2,2
2,2
2,1
2,0
2,0
3,3
3,1
3,1
3,1
3,1
3,3
3,1
3,1
3,1
3,1
3,3
3,1
3,3
3,1
3,1
3,2
3,2
3,3
3,3
3,3
3,1
3,3
3,3
3,2
3,2
3,1
3,1
3,1
3,2
3,3
3,1
3,2
3,1
3,2
3,3
3,2
3,1
3,1
3,3
3,2
3,2
3,2
3,3
3,2
3,1
3,2
3,3
3,3
3,1
3,1
3,3
3,2
3,1
3,3
3,3
3,3
3,3
3,1
3,1
3,2
3,2
3,2
3,2
3,2
3,3
3,1
3,1
3,2
3,2
3,3
3,1
3,2
3,3
3,1
3,3
3,1
3,2
3,3
3,3
3,3
3,1
3,2
3,2
3,1
3,1
3,2
3,1
3,1
3,1
3,2
3,3
3,2
3,3
3,1
3,1
3,3
3,2
3,2
3,1
3,1
4,4
4,2
4,4
4,4
4,2
4,4
4,4
4,4
4,3
4,2
4,3
4,4
4,3
4,4
4,2
4,3
4,4
4,2
4,3
4,2
4,4
4,4
4,3
4,4
4,2
4,2
4,4
4,2
4,2
4,2
4,3
4,2
4,2
4,3
4,4
4,3
4,2
4,4
4,2
4,4
4,2
4,4
4,3
4,4
4,3
4,4
4,3
4,2
4,2
4,2
4,3
4,2
4,4
4,4
4,2
4,2
4,2
4,2
4,4
4,3
4,3
4,2
4,4
4,4
4,3
4,4
4,2
4,3
4,2
4,4
4,3
4,3
4,4
4,4
4,2
4,2
4,3
4,4
4,3
4,2
4,2
4,4
4,2
4,2
4,2
4,3
4,3
4,2
4,4
4,2
4,4
4,3
4,3
4,4
4,2
4,2
4,4
4,3
4,3
4,4
5,3
5,5
5,3
5,3
5,4
5,4
5,3
5,3
5,4
5,4
5,5
5,4
5,3
5,3
5,3
5,4
5,4
5,4
5,3
5,3
5,3
5,4
5,5
5,3
5,5
5,3
5,5
5,5
5,5
5,4
5,3
5,3
5,3
5,4
5,4
5,5
5,5
5,4
5,3
5,5
5,3
5,5
5,3
5,4
5,3
5,3
5,3
5,3
5,5
5,4
5,3
5,3
5,5
5,3
5,3
5,5
5,3
5,4
5,5
5,3
5,3
5,3
5,4
5,4
5,4
5,5
5,3
5,5
5,3
5,4
5,4
5,4
5,5
5,4
5,3
5,5
5,5
5,3
5,3
5,5
5,4
5,4
5,5
5,4
5,5
5,5
5,4
5,3
5,4
5,4
5,3
5,4
5,5
5,5
5,5
5,4
5,4
5,4
5,3
5,5
6,5
6,6
6,5
6,4
6,5
6,5
6,4
6,5
6,6
6,5
6,4
6,4
6,6
6,6
6,5
6,5
6,6
6,6
6,4
6,5
6,5
6,6
6,5
6,4
6,6
6,5
6,4
6,6
6,5
6,4
6,5
6,6
6,4
6,6
6,4
6,5
6,5
6,4
6,4
6,6
6,6
6,5
6,6
6,6
6,4
6,6
6,5
6,6
6,6
6,6
6,5
6,4
6,6
6,6
6,5
6,5
6,5
6,6
6,5
6,4
6,6
6,4
6,4
6,4
6,4
6,6
6,6
6,6
6,4
6,4
6,5
6,4
6,5
6,6
6,4
6,6
6,5
6,5
6,6
6,5
6,5
6,4
6,6
6,4
6,5
6,5
6,6
6,6
6,5
6,5
6,6
6,5
6,6
6,5
6,6
6,4
6,4
6,6
6,6
6,4
7,5
7,5
7,6
7,7
7,6
7,7
7,7
7,5
7,7
7,5
7,6
7,7
7,6
7,7
7,6
7,7
7,5
7,5
7,5
7,5
7,7
7,7
7,7
7,7
7,5
7,7
7,7
7,5
7,7
7,7
7,7
7,7
7,6
7,5
7,7
7,7
7,7
7,7
7,6
7,7
7,7
7,7
7,7
7,7
7,6
7,6
7,7
7,7
7,6
7,5
7,5
7,6
7,5
7,5
7,5
7,6
7,7
7,5
7,6
7,5
7,5
7,6
7,7
7,6
7,6
7,7
7,6
7,7
7,7
7,5
7,6
7,7
7,7
7,6
7,7
7,6
7,5
7,7
7,6
7,7
7,7
7,7
7,6
7,5
7,7
7,7
7,6
7,5
7,6
7,7
7,5
7,6
7,6
7,7
7,5
7,5
7,5
7,7
7,7
7,7
8,7
8,6
8,6
8,7
8,7
8,8
8,6
8,8
8,6
8,6
8,8
8,8
8,6
8,6
8,8
8,8
8,7
8,8
8,7
8,7
8,8
8,7
8,8
8,7
8,6
8,6
8,6
8,8
8,6
8,6
8,7
8,8
8,7
8,7
8,6
8,6
8,8
8,6
8,8
8,8
8,7
8,8
8,8
8,8
8,7
8,6
8,7
8,8
8,8
8,6
8,8
8,8
8,8
8,7
8,6
8,6
8,7
8,7
8,6
8,8
8,7
8,7
8,6
8,6
8,7
8,6
8,6
8,6
8,8
8,7
8,6
8,7
8,6
8,6
8,7
8,7
8,6
8,8
8,8
8,8
8,7
8,7
8,8
8,7
8,6
8,7
8,8
8,8
8,8
8,8
8,7
8,8
8,7
8,7
8,8
8,6
8,6
8,6
8,7
8,6
9,7
9,7
9,7
9,7
9,8
9,9
9,9
9,9
9,8
9,9
9,8
9,7
9,9
9,9
9,7
9,9
9,7
9,7
9,7
9,8
9,8
9,8
9,8
9,9
9,8
9,8
9,7
9,7
9,9
9,7
9,8
9,9
9,8
9,9
9,7
9,9
9,9
9,9
9,9
9,7
9,9
9,8
9,8
9,8
9,8
9,9
9,8
9,9
9,9
9,8
9,8
9,7
9,7
9,9
9,8
9,9
9,8
9,8
9,8
9,8
9,9
9,7
9,8
9,7
9,9
9,8
9,8
9,9
9,7
9,7
9,7
9,7
9,9
9,8
9,7
9,8
9,8
9,8
9,8
9,9
9,8
9,9
9,7
9,9
9,9
9,8
9,9
9,8
9,7
9,7
9,7
9,7
9,8
9,8
9,9
9,9
9,7
9,8
9,9
9,9
10,10
10,9
10,10
10,8
10,9
10,9
10,10
10,9
10,9
10,10
10,9
10,8
10,10
10,8
10,9
10,9
10,10
10,8
10,9
10,9
10,8
10,9
10,9
10,8
10,9
10,9
10,8
10,8
10,8
10,10
10,8
10,8
10,9
10,9
10,8
10,10
10,10
10,9
10,9
10,8
10,8
10,8
10,8
10,10
10,9
10,9
10,8
10,9
10,10
10,8
10,8
10,8
10,10
10,10
10,9
10,8
10,8
10,10
10,9
10,9
10,9
10,10
10,9
10,10
10,8
10,8
10,10
10,10
10,9
10,10
10,8
10,9
10,10
10,9
10,9
10,9
10,8
10,8
10,7
10,8
10,8
10,9
10,9
10,10
10,8
10,10
10,8
10,8
10,9
10,10
10,9
10,9
10,9
10,9
10,9
10,10
10,9
10,10
10,9
10,10
11,11
11,9
11,10
11,10
11,10
11,11
11,10
11,11
11,9
11,10
11,11
11,9
11,11
11,11
11,9
11,9
11,9
11,10
11,10
11,9
11,10
11,10
11,9
11,11
11,10
11,10
11,11
11,11
11,11
11,9
11,11
11,9
11,9
11,10
11,10
11,11
11,10
11,10
11,10
11,11
11,11
11,10
11,11
11,10
11,11
11,11
11,9
11,11
11,9
11,11
11,11
11,10
11,9
11,9
11,10
11,10
11,11
11,9
11,10
11,11
11,10
11,10
11,11
11,9
11,9
11,11
11,11
11,11
11,9
11,11
11,10
11,9
11,10
11,9
11,11
11,9
11,9
11,9
11,9
11,10
11,11
11,8
11,9
11,11
11,10
11,11
11,11
11,9
11,9
11,9
11,10
11,10
11,9
11,9
11,10
11,9
11,9
11,11
11,11
11,9
12,10
12,11
12,11
12,12
12,11
12,12
12,12
12,12
12,12
12,10
12,11
12,11
12,10
12,10
12,11
12,11
12,12
12,12
12,10
12,11
12,12
12,12
12,11
12,11
12,12
12,10
12,12
12,12
12,12
12,10
12,10
12,10
12,12
12,11
12,10
12,11
12,11
12,10
12,11
12,10
12,10
12,10
12,10
12,11
12,11
12,11
12,10
12,11
12,11
12,11
12,10
12,11
12,11
12,10
12,12
12,10
12,10
12,11
12,11
12,11
12,12
12,11
12,11
12,12
12,11
12,12
12,11
12,10
12,12
12,10
12,12
12,11
12,10
12,12
12,12
12,10
12,10
12,10
12,11
12,11
12,12
12,12
12,12
12,10
12,12
12,12
12,12
12,11
12,11
12,10
12,12
12,11
12,12
12,11
12,11
12,11
12,11
12,10
12,12
12,11
13,12
13,12
13,11
13,11
13,13
13,12
13,12
13,13
13,13
13,12
13,11
13,11
13,11
13,11
13,13
13,12
13,12
13,12
13,13
13,11
13,11
13,13
13,12
13,12
13,11
13,13
13,11
13,11
13,11
13,10
13,12
13,13
13,12
13,12
13,11
13,12
13,11
13,13
13,11
13,13
13,11
13,12
13,11
13,12
13,12
13,11
13,12
13,12
13,12
13,12
13,13
13,13
13,11
13,13
13,12
13,12
13,12
13,12
13,13
13,13
13,12
13,11
13,11
13,11
13,13
13,11
13,12
13,11
13,13
13,12
13,13
13,11
13,12
13,11
13,12
13,11
13,12
13,13
13,12
13,11
13,12
13,12
13,11
13,12
13,12
13,12
13,11
13,11
13,11
13,11
13,13
13,12
13,12
13,11
13,13
13,12
13,11
13,12
13,12
13,11
14,14
14,12
14,14
14,12
14,14
14,14
14,14
14,13
14,13
14,14
14,12
14,12
14,13
14,13
14,14
14,14
14,12
14,13
14,13
14,13
14,12
14,14
14,14
14,12
14,12
14,12
14,12
14,12
14,14
14,12
14,13
14,13
14,12
14,12
14,12
14,12
14,13
14,13
14,14
14,14
14,12
14,12
14,12
14,14
14,12
14,13
14,14
14,12
14,14
14,13
14,13
14,14
14,13
14,12
14,12
14,13
14,11
14,13
14,14
14,12
14,13
14,12
14,12
14,12
14,13
14,14
14,12
14,12
14,12
14,12
14,14
14,14
14,13
14,13
14,13
14,14
14,14
14,13
14,13
14,13
14,14
14,14
14,13
14,13
14,13
14,14
14,12
14,14
14,13
14,14
14,12
14,14
14,13
14,13
14,12
14,14
14,12
14,13
14,14
14,14
15,13
15,13
15,15
15,13
15,15
15,15
15,15
15,13
15,13
15,15
15,14
15,13
15,13
15,15
15,15
15,15
15,14
15,14
15,13
15,12
15,14
15,15
15,13
15,15
15,15
15,14
15,14
15,14
15,13
15,13
15,14
15,13
15,13
15,14
15,14
15,13
15,14
15,14
15,13
15,14
15,13
15,13
15,15
15,14
15,15
15,14
15,14
15,14
15,14
15,15
15,14
15,14
15,15
15,13
15,13
15,14
15,13
15,14
15,15
15,13
15,14
15,15
15,15
15,15
15,14
15,14
15,15
15,15
15,13
15,14
15,15
15,15
15,14
15,14
15,13
15,14
15,15
15,13
15,13
15,13
15,15
15,15
15,15
15,13
15,15
15,14
15,14
15,13
15,15
15,15
15,15
15,14
15,14
15,14
15,14
15,14
15,13
15,14
15,15
15,13
16,15
16,16
16,16
16,14
16,14
16,16
16,14
16,14
16,15
16,14
16,16
16,14
16,15
16,15
16,14
16,16
16,15
16,16
16,15
16,14
16,13
16,15
16,13
16,16
16,14
16,16
16,14
16,16
16,15
16,14
16,15
16,15
16,15
16,14
16,15
16,16
16,14
16,15
16,16
16,16
16,16
16,16
16,16
16,15
16,14
16,14
16,15
16,14
16,14
16,14
16,15
16,15
16,15
16,16
16,14
16,15
16,16
16,16
16,15
16,15
16,14
16,16
16,16
16,15
16,14
16,15
16,15
16,16
16,15
16,15
16,16
16,15
16,15
16,16
16,14
16,14
16,14
16,15
16,14
16,15
16,15
16,16
16,16
16,14
16,14
16,15
16,16
16,14
16,15
16,16
16,16
16,16
16,16
16,16
16,16
16,15
16,15
16,15
16,13
16,14
17,15
17,16
17,17
17,16
17,16
17,15
17,17
17,16
17,17
17,15
17,16
17,15
17,15
17,17
17,17
17,15
17,17
17,17
17,15
17,16
17,15
17,15
17,16
17,16
17,16
17,15
17,15
17,15
17,15
17,15
17,17
17,17
17,17
17,17
17,15
17,16
17,14
17,16
17,15
17,15
17,16
17,16
17,16
17,16
17,16
17,16
17,15
17,16
17,14
17,13
17,17
17,17
17,15
17,16
17,16
17,15
17,17
17,16
17,15
17,15
17,17
17,15
17,17
17,16
17,17
17,16
17,15
17,15
17,17
17,15
17,16
17,15
17,15
17,17
17,15
17,17
17,16
17,15
17,16
17,14
17,17
17,15
17,17
17,17
17,16
17,15
17,17
17,16
17,17
17,15
17,17
17,17
17,16
17,16
17,16
17,16
17,17
17,16
17,16
17,17
18,15
18,17
18,18
18,17
18,17
18,16
18,16
18,18
18,18
18,18
18,14
18,16
18,16
18,17
18,16
18,16
18,17
18,17
18,16
18,16
18,16
18,18
18,18
18,18
18,15
18,16
18,16
18,17
18,16
18,17
18,18
18,17
18,16
18,16
18,16
18,16
18,18
18,16
18,16
18,17
18,16
18,18
18,18
18,15
18,16
18,16
18,16
18,16
18,15
18,18
18,18
18,17
18,17
18,17
18,16
18,18
18,15
18,17
18,17
18,16
18,18
18,16
18,17
18,16
18,18
18,17
18,17
18,17
18,18
18,18
18,16
18,17
18,17
18,16
18,17
18,16
18,16
18,16
18,16
18,17
18,15
18,16
18,16
18,18
18,18
18,16
18,18
18,18
18,18
18,17
18,16
18,18
18,18
18,17
18,17
18,18
18,16
18,16
18,17
18,17
19,19
19,17
19,19
19,17
19,19
19,19
19,17
19,17
19,17
19,17
19,18
19,19
19,18
19,17
19,17
19,16
19,17
19,18
19,18
19,17
19,17
19,19
19,17
19,18
19,17
19,19
19,18
19,18
19,17
19,19
19,17
19,17
19,18
19,19
19,18
19,18
19,17
19,17
19,17
19,16
19,17
19,19
19,17
19,17
19,19
19,18
19,18
19,17
19,15
19,17
19,19
19,18
19,18
19,18
19,17
19,18
19,18
19,19
19,19
19,18
19,18
19,19
19,19
19,17
19,18
19,18
19,18
19,19
19,18
19,17
19,19
19,18
19,16
19,18
19,19
19,17
19,19
19,19
19,17
19,18
19,17
19,17
19,17
19,18
19,17
19,18
19,17
19,18
19,18
19,17
19,17
19,17
19,19
19,17
19,17
19,18
19,17
19,16
19,17
19,19
20,19
20,16
20,19
20,17
20,18
20,17
20,18
20,19
20,19
20,18
20,19
20,19
20,20
20,17
20,18
20,17
20,18
20,19
20,20
20,16
20,18
20,18
20,20
20,18
20,20
20,19
20,17
20,18
20,17
20,18
20,19
20,20
20,17
20,20
20,18
20,20
20,19
20,17
20,16
20,18
20,20
20,19
20,18
20,17
20,17
20,18
20,17
20,18
20,20
20,17
20,17
20,18
20,19
20,18
20,19
20,18
20,18
20,18
20,19
20,17
20,19
20,18
20,18
20,19
20,18
20,18
20,18
20,17
20,20
20,19
20,16
20,17
20,20
20,18
20,17
20,19
20,18
20,19
20,17
20,20
20,19
20,19
20,18
20,18
20,17
20,19
20,19
20,19
20,16
20,20
20,18
20,20
20,17
20,17
20,19
20,19
20,20
20,20
20,16
20,20
21,18
21,20
21,18
21,20
21,20
21,19
21,20
21,19
21,19
21,20
21,18
21,19
21,19
21,18
21,21
21,19
21,20
21,18
21,21
21,21
21,21
21,20
21,19
21,19
21,19
21,19
21,19
21,18
21,18
21,17
21,19
21,20
21,19
21,19
21,17
21,21
21,20
21,19
21,17
21,18
21,20
21,19
21,21
21,19
21,19
21,20
21,20
21,18
21,20
21,19
21,19
21,19
21,18
21,18
21,19
21,20
21,20
21,18
21,18
21,21
21,20
21,17
21,21
21,20
21,20
21,20
21,20
21,20
21,20
21,21
21,21
21,19
21,18
21,20
21,20
21,17
21,20
21,20
21,18
21,18
21,17
21,18
21,20
21,20
21,19
21,19
21,18
21,16
21,19
21,18
21,18
21,20
21,20
21,17
21,20
21,20
21,19
21,20
21,19
21,19
22,20
22,20
22,19
22,19
22,20
22,19
22,21
22,21
22,20
22,19
22,20
22,21
22,20
22,17
22,21
22,18
22,21
22,19
22,19
22,17
22,18
22,22
22,20
22,21
22,19
22,21
22,19
22,19
22,20
22,22
22,22
22,20
22,19
22,19
22,19
22,19
22,21
22,21
22,17
22,20
22,18
22,20
22,18
22,20
22,19
22,19
22,20
22,19
22,19
22,20
22,19
22,19
22,19
22,21
22,18
22,21
22,19
22,19
22,21
22,20
22,19
22,21
22,20
22,18
22,20
22,19
22,20
22,20
22,20
22,20
22,22
22,18
22,22
22,20
22,20
22,19
22,19
22,19
22,19
22,20
22,21
22,21
22,20
22,21
22,19
22,18
22,21
22,19
22,20
22,21
22,22
22,21
22,19
22,19
22,21
22,20
22,19
22,21
22,17
22,18
23,19
23,20
23,22
23,22
23,21
23,20
23,19
23,19
23,20
23,22
23,18
23,18
23,19
23,19
23,19
23,18
23,19
23,21
23,22
23,19
23,20
23,21
23,19
23,23
23,20
23,21
23,20
23,20
23,19
23,20
23,19
23,20
23,18
23,20
23,21
23,20
23,21
23,18
23,18
23,19
23,19
23,20
23,19
23,17
23,20
23,19
23,18
23,21
23,19
23,18
23,17
23,21
23,18
23,21
23,21
23,21
23,23
23,20
23,16
23,22
23,20
23,21
23,20
23,21
23,19
23,20
23,19
23,20
23,20
23,19
23,18
23,19
23,21
23,18
23,18
23,18
23,18
23,19
23,22
23,18
23,21
23,20
23,18
23,21
23,19
23,19
23,21
23,19
23,19
23,20
23,19
23,21
23,21
23,19
23,20
23,20
23,20
23,22
23,19
23,20
24,20
24,21
24,21
24,19
24,22
24,20
24,20
24,21
24,17
24,21
24,19
24,20
24,20
24,18
24,20
24,20
24,21
24,19
24,18
24,21
24,21
24,19
24,20
24,21
24,19
24,17
24,19
24,20
24,21
24,18
24,20
24,20
24,18
24,19
24,20
24,18
24,19
24,19
24,18
24,19
24,20
24,19
24,18
24,19
24,20
24,22
24,18
24,18
24,20
24,16
24,20
24,18
24,20
24,20
24,20
24,21
24,18
24,18
24,20
24,18
24,20
24,21
24,21
24,20
24,20
24,22
24,19
24,18
24,19
24,19
24,19
24,21
24,19
24,22
24,21
24,20
24,19
24,21
24,22
24,18
24,21
24,18
24,22
24,19
24,19
24,18
24,19
24,21
24,18
24,17
24,21
24,20
24,21
24,20
24,20
24,20
24,21
24,20
24,19
24,21
25,18
25,17
25,21
25,22
25,22
25,18
25,21
25,21
25,19
25,21
25,20
25,18
25,18
25,19
25,19
25,22
25,19
25,18
25,19
25,20
25,20
25,18
25,21
25,21
25,21
25,21
25,18
25,19
25,20
25,18
25,19
25,18
25,20
25,18
25,22
25,17
25,20
25,19
25,19
25,18
25,20
25,20
25,21
25,19
25,20
25,22
25,19
25,21
25,21
25,20
25,17
25,19
25,21
25,20
25,19
25,21
25,22
25,18
25,19
25,21
25,18
25,21
25,19
25,22
25,21
25,23
25,21
25,19
25,20
25,19
25,20
25,20
25,20
25,20
25,20
25,19
25,20
25,22
25,17
25,19
25,22
25,20
25,20
25,20
25,21
25,19
25,19
25,21
25,19
25,22
25,19
25,20
25,20
25,23
25,19
25,23
25,20
25,19
25,20
25,20
26,19
26,22
26,22
26,18
26,22
26,20
26,23
26,21
26,18
26,23
26,19
26,20
26,23
26,18
26,18
26,21
26,20
26,22
26,21
26,20
26,19
26,21
26,21
26,21
26,20
26,21
26,20
26,18
26,19
26,21
26,20
26,18
26,18
26,21
26,19
26,20
26,18
26,20
26,20
26,19
26,19
26,21
26,20
26,21
26,20
26,20
26,20
26,21
26,22
26,20
26,20
26,18
26,20
26,20
26,19
26,19
26,20
26,18
26,20
26,20
26,20
26,19
26,21
26,19
26,19
26,21
26,21
26,20
26,18
26,18
26,19
26,19
26,22
26,18
26,19
26,21
26,20
26,18
26,19
26,21
26,19
26,20
26,19
26,18
26,22
26,22
26,21
26,19
26,19
26,22
26,18
26,17
26,19
26,19
26,23
26,20
26,19
26,19
26,20
26,19
27,20
27,21
27,20
27,21
27,21
27,20
27,21
27,19
27,19
27,21
27,21
27,19
27,19
27,18
27,18
27,20
27,21
27,21
27,20
27,18
27,19
27,19
27,19
27,17
27,20
27,20
27,22
27,20
27,20
27,20
27,21
27,19
27,19
27,19
27,20
27,20
27,19
27,18
27,19
27,20
27,19
27,21
27,20
27,20
27,18
27,22
27,21
27,17
27,18
27,21
27,20
27,20
27,19
27,19
27,19
27,23
27,19
27,21
27,17
27,22
27,19
27,20
27,17
27,20
27,20
27,21
27,20
27,20
27,19
27,22
27,18
27,19
27,20
27,21
27,20
27,20
27,18
27,22
27,19
27,23
27,19
27,19
27,19
27,19
27,21
27,18
27,18
27,20
27,19
27,18
27,22
27,18
27,17
27,20
27,21
27,20
27,20
27,20
27,18
27,22
28,19
28,19
28,17
28,20
28,19
28,20
28,20
28,19
28,20
28,18
28,22
28,19
28,18
28,20
28,19
28,19
28,19
28,20
28,21
28,18
28,20
28,17
28,20
28,18
28,18
28,19
28,19
28,20
28,20
28,22
28,21
28,19
28,17
28,20
28,20
28,20
28,18
28,20
28,23
28,20
28,22
28,20
28,19
28,21
28,20
28,21
28,19
28,18
28,20
28,18
28,19
28,22
28,19
28,21
28,20
28,19
28,19
28,21
28,21
28,19
28,20
28,20
28,19
28,18
28,20
28,21
28,19
28,19
28,20
28,18
28,21
28,19
28,22
28,17
28,19
28,20
28,20
28,19
28,19
28,19
28,21
28,18
28,20
28,21
28,20
28,20
28,17
28,19
28,20
28,22
28,21
28,21
28,20
28,19
28,21
28,21
28,21
28,18
28,19
28,22
29,19
29,19
29,20
29,22
29,20
29,21
29,19
29,18
29,22
29,18
29,18
29,19
29,19
29,20
29,22
29,19
29,21
29,18
29,20
29,21
29,19
29,18
29,19
29,20
29,21
29,19
29,19
29,22
29,19
29,20
29,20
29,20
29,20
29,21
29,22
29,19
29,18
29,20
29,18
29,22
29,19
29,21
29,18
29,19
29,20
29,19
29,18
29,18
29,19
29,18
29,21
29,20
29,21
29,19
29,20
29,20
29,22
29,22
29,18
29,20
29,20
29,21
29,21
29,23
29,22
29,21
29,20
29,19
29,19
29,21
29,21
29,18
29,21
29,21
29,21
29,20
29,19
29,20
29,19
29,21
29,19
29,20
29,18
29,21
29,18
29,21
29,19
29,17
29,21
29,21
29,19
29,20
29,24
29,21
29,22
29,22
29,22
29,20
29,20
29,21
30,19
30,19
30,21
30,18
30,21
30,19
30,18
30,22
30,21
30,18
30,21
30,20
30,22
30,21
30,21
30,22
30,21
30,19
30,20
30,18
30,18
30,18
30,22
30,22
30,21
30,20
30,18
30,21
30,19
30,18
30,19
30,20
30,19
30,19
30,19
30,20
30,20
30,20
30,22
30,21
30,21
30,20
30,18
30,20
30,18
30,20
30,18
30,19
30,21
30,18
30,20
30,21
30,19
30,17
30,20
30,20
30,19
30,19
30,20
30,20
30,18
30,21
30,20
30,21
30,19
30,21
30,20
30,20
30,19
30,20
30,23
30,18
30,22
30,19
30,19
30,19
30,20
30,21
30,20
30,19
30,20
30,19
30,21
30,21
30,18
30,19
30,21
30,20
30,20
30,18
30,19
30,20
30,20
30,20
30,19
30,19
30,20
30,19
30,20
30,19
31,21
31,21
31,20
31,19
31,21
31,22
31,21
31,17
31,17
31,17
31,20
31,19
31,18
31,20
31,22
31,21
31,21
31,21
31,21
31,18
31,19
31,20
31,19
31,21
31,21
31,18
31,21
31,21
31,18
31,21
31,22
31,18
31,19
31,18
31,21
31,20
31,21
31,19
31,19
31,20
31,19
31,18
31,20
31,17
31,21
31,21
31,17
31,19
31,18
31,21
31,20
31,20
31,20
31,18
31,18
31,19
31,21
31,20
31,20
31,20
31,19
31,16
31,20
31,20
31,19
31,18
31,21
31,22
31,19
31,21
31,21
31,21
31,21
31,19
31,19
31,22
31,20
31,20
31,18
31,21
31,19
31,20
31,21
31,21
31,19
31,19
31,18
31,20
31,21
31,19
31,19
31,20
31,22
31,19
31,22
31,20
31,21
31,21
31,22
31,20
32,21
32,22
32,18
32,22
32,21
32,21
32,20
32,20
32,18
32,19
32,18
32,19
32,20
32,21
32,17
32,22
32,21
32,20
32,20
32,20
32,19
32,19
32,20
32,20
32,21
32,19
32,19
32,22
32,20
32,19
32,19
32,18
32,20
32,19
32,20
32,21
32,20
32,23
32,20
32,21
32,22
32,18
32,19
32,20
32,21
32,23
32,18
32,20
32,20
32,21
32,20
32,22
32,20
32,19
32,21
32,21
32,21
32,16
32,21
32,21
32,20
32,22
32,19
32,20
32,21
32,20
32,19
32,21
32,20
32,19
32,22
32,18
32,18
32,22
32,21
32,21
32,21
32,20
32,20
32,20
32,21
32,20
32,21
32,22
32,21
32,19
32,21
32,21
32,20
32,19
32,22
32,20
32,18
32,22
32,20
32,22
32,18
32,20
32,20
32,17
33,22
33,22
33,18
33,18
33,20
33,20
33,20
33,19
33,20
33,19
33,19
33,20
33,19
33,18
33,19
33,19
33,20
33,22
33,20
33,21
33,21
33,19
33,20
33,22
33,20
33,21
33,21
33,19
33,20
33,18
33,19
33,20
33,19
33,20
33,18
33,19
33,18
33,23
33,22
33,22
33,19
33,18
33,20
33,21
33,20
33,20
33,17
33,20
33,20
33,21
33,19
33,20
33,21
33,21
33,21
33,20
33,20
33,18
33,21
33,22
33,23
33,23
33,18
33,20
33,20
33,19
33,21
33,20
33,20
33,19
33,20
33,20
33,21
33,21
33,20
33,21
33,19
33,19
33,20
33,23
33,21
33,21
33,23
33,19
33,21
33,20
33,22
33,21
33,19
33,20
33,17
33,20
33,21
33,19
33,20
33,22
33,19
33,21
33,22
33,20
34,19
34,21
34,19
34,20
34,21
34,18
34,20
34,22
34,19
34,18
34,21
34,20
34,20
34,18
34,22
34,19
34,19
34,19
34,18
34,19
34,20
34,20
34,18
34,21
34,17
34,22
34,18
34,18
34,20
34,20
34,20
34,18
34,22
34,21
34,20
34,22
34,19
34,19
34,19
34,19
34,20
34,20
34,18
34,21
34,20
34,22
34,19
34,20
34,20
34,20
34,20
34,21
34,18
34,22
34,18
34,23
34,20
34,19
34,20
34,21
34,21
34,21
34,21
34,20
34,20
34,19
34,22
34,21
34,22
34,19
34,23
34,20
34,19
34,21
34,22
34,20
34,20
34,19
34,20
34,21
34,22
34,20
34,22
34,19
34,19
34,20
34,18
34,20
34,22
34,19
34,19
34,19
34,21
34,20
34,21
34,19
34,20
34,20
34,19
34,19
35,20
35,19
35,21
35,20
35,21
35,18
35,21
35,19
35,17
35,20
35,19
35,18
35,19
35,22
35,21
35,19
35,23
35,21
35,22
35,21
35,23
35,19
35,20
35,21
35,19
35,21
35,19
35,21
35,21
35,19
35,21
35,19
35,21
35,20
35,21
35,23
35,19
35,20
35,19
35,20
35,21
35,19
35,20
35,19
35,18
35,20
35,19
35,19
35,21
35,18
35,22
35,20
35,22
35,18
35,19
35,21
35,19
35,21
35,21
35,19
35,19
35,21
35,23
35,19
35,20
35,19
35,19
35,20
35,21
35,18
35,19
35,18
35,21
35,21
35,23
35,17
35,20
35,20
35,19
35,20
35,21
35,20
35,22
35,18
35,20
35,23
35,20
35,18
35,22
35,21
35,18
35,19
35,19
35,21
35,19
35,20
35,17
35,21
35,17
35,21
36,21
36,20
36,19
36,19
36,20
36,19
36,20
36,20
36,19
36,20
36,20
36,19
36,18
36,20
36,21
36,22
36,22
36,18
36,20
36,20
36,21
36,22
36,17
36,22
36,21
36,18
36,20
36,21
36,21
36,20
36,20
36,19
36,20
36,19
36,20
36,21
36,20
36,19
36,18
36,21
36,23
36,21
36,18
36,20
36,19
36,18
36,21
36,22
36,20
36,22
36,22
36,19
36,19
36,18
36,20
36,21
36,21
36,21
36,19
36,18
36,20
36,20
36,20
36,18
36,20
36,19
36,19
36,19
36,19
36,19
36,21
36,20
36,20
36,19
36,21
36,19
36,22
36,20
36,18
36,21
36,21
36,20
36,19
36,22
36,19
36,23
36,21
36,20
36,21
36,18
36,19
36,21
36,19
36,21
36,21
36,19
36,20
36,20
36,22
36,21
37,20
37,21
37,19
37,19
37,20
37,18
37,21
37,21
37,21
37,20
37,20
37,20
37,22
37,19
37,20
37,21
37,20
37,21
37,20
37,19
37,18
37,19
37,19
37,21
37,19
37,22
37,20
37,20
37,20
37,21
37,21
37,22
37,21
37,19
37,21
37,19
37,19
37,19
37,23
37,19
37,19
37,19
37,20
37,20
37,21
37,21
37,22
37,18
37,18
37,17
37,20
37,21
37,23
37,23
37,18
37,22
37,21
37,22
37,22
37,20
37,22
37,22
37,19
37,21
37,18
37,19
37,20
37,21
37,21
37,19
37,17
37,22
37,20
37,23
37,21
37,19
37,20
37,20
37,20
37,20
37,22
37,23
37,20
37,19
37,20
37,19
37,19
37,19
37,19
37,18
37,18
37,20
37,18
37,19
37,21
37,19
37,19
37,19
37,21
37,19
38,22
38,23
38,21
38,19
38,20
38,20
38,19
38,18
38,20
38,19
38,21
38,20
38,23
38,20
38,20
38,21
38,21
38,19
38,20
38,20
38,20
38,21
38,20
38,19
38,21
38,21
38,18
38,17
38,19
38,20
38,17
38,19
38,19
38,20
38,19
38,20
38,18
38,20
38,23
38,21
38,21
38,21
38,21
38,19
38,21
38,21
38,21
38,19
38,20
38,17
38,21
38,20
38,20
38,22
38,22
38,21
38,21
38,18
38,19
38,21
38,21
38,21
38,19
38,21
38,21
38,20
38,19
38,21
38,19
38,18
38,21
38,19
38,19
38,22
38,22
38,19
38,20
38,20
38,21
38,20
38,18
38,20
38,18
38,20
38,20
38,17
38,20
38,18
38,19
38,19
38,18
38,19
38,18
38,17
38,22
38,18
38,20
38,20
38,20
38,19
39,20
39,19
39,19
39,20
39,19
39,20
39,18
39,18
39,18
39,20
39,20
39,19
39,18
39,20
39,20
39,21
39,19
39,18
39,17
39,20
39,20
39,21
39,20
39,19
39,20
39,19
39,21
39,19
39,20
39,22
39,19
39,21
39,20
39,20
39,20
39,19
39,20
39,20
39,21
39,19
39,22
39,19
39,21
39,19
39,22
39,20
39,22
39,19
39,19
39,18
39,20
39,20
39,22
39,19
39,22
39,22
39,22
39,18
39,23
39,20
39,23
39,20
39,20
39,19
39,20
39,21
39,21
39,22
39,19
39,19
39,21
39,18
39,20
39,19
39,21
39,17
39,19
39,19
39,19
39,21
39,21
39,20
39,18
39,18
39,21
39,22
39,19
39,18
39,20
39,22
39,21
39,20
39,21
39,20
39,18
39,22
39,19
39,19
39,19
39,17
40,21
40,19
40,20
40,17
40,20
40,20
40,19
40,19
40,20
40,22
40,20
40,21
40,18
40,21
40,19
40,19
40,18
40,20
40,20
40,20
40,20
40,20
40,19
40,21
40,21
40,21
40,21
40,21
40,17
40,21
40,21
40,19
40,21
40,23
40,22
40,20
40,20
40,21
40,21
40,22
40,18
40,18
40,19
40,20
40,21
40,21
40,19
40,18
40,19
40,21
40,20
40,20
40,19
40,20
40,21
40,20
40,21
40,19
40,18
40,19
40,21
40,23
40,20
40,21
40,19
40,20
40,19
40,20
40,23
40,19
40,21
40,21
40,22
40,19
40,21
40,22
40,20
40,21
40,20
40,19
40,18
40,20
40,20
40,22
40,18
40,22
40,19
40,19
40,18
40,20
40,21
40,22
40,18
40,19
40,19
40,21
40,20
40,21
40,20
40,19
41,20
41,21
41,19
41,20
41,22
41,22
41,20
41,22
41,20
41,21
41,20
41,23
41,19
41,23
41,23
41,21
41,18
41,20
41,19
41,21
41,22
41,19
41,19
41,18
41,20
41,21
41,20
41,21
41,21
41,21
41,22
41,20
41,21
41,19
41,20
41,23
41,20
41,21
41,21
41,23
41,20
41,22
41,21
41,22
41,21
41,19
41,21
41,19
41,19
41,19
41,19
41,20
41,20
41,21
41,21
41,21
41,20
41,19
41,22
41,21
41,20
41,20
41,19
41,20
41,21
41,19
41,18
41,20
41,21
41,21
41,21
41,19
41,20
41,19
41,19
41,22
41,22
41,22
41,19
41,20
41,22
41,19
41,22
41,17
41,21
41,20
41,20
41,20
41,19
41,21
41,18
41,21
41,20
41,20
41,19
41,19
41,20
41,21
41,17
41,20
42,23
42,21
42,20
42,19
42,20
42,20
42,22
42,19
42,19
42,18
42,19
42,19
42,21
42,21
42,21
42,21
42,19
42,19
42,21
42,20
42,20
42,19
42,21
42,20
42,21
42,20
42,22
42,19
42,19
42,18
42,20
42,19
42,20
42,19
42,19
42,19
42,20
42,19
42,20
42,22
42,23
42,20
42,20
42,18
42,20
42,19
42,21
42,19
42,21
42,18
42,20
42,18
42,21
42,20
42,20
42,18
42,17
42,20
42,20
42,21
42,22
42,21
42,20
42,20
42,21
42,22
42,20
42,19
42,19
42,20
42,21
42,20
42,20
42,21
42,21
42,19
42,21
42,20
42,19
42,19
42,20
42,19
42,20
42,16
42,20
42,19
42,20
42,20
42,20
42,20
42,23
42,18
42,21
42,20
42,22
42,20
42,21
42,20
42,21
42,21
43,19
43,20
43,20
43,20
43,21
43,20
43,21
43,18
43,21
43,22
43,19
43,20
43,19
43,18
43,20
43,18
43,20
43,21
43,20
43,20
43,21
43,21
43,19
43,17
43,20
43,19
43,20
43,19
43,21
43,21
43,18
43,22
43,22
43,19
43,21
43,19
43,20
43,18
43,21
43,20
43,19
43,21
43,20
43,19
43,22
43,21
43,20
43,20
43,19
43,20
43,18
43,21
43,21
43,21
43,21
43,19
43,20
43,20
43,20
43,21
43,20
43,19
43,23
43,22
43,19
43,20
43,20
43,20
43,20
43,20
43,20
43,20
43,19
43,21
43,18
43,18
43,19
43,24
43,21
43,21
43,20
43,21
43,22
43,21
43,22
43,19
43,22
43,20
43,21
43,22
43,22
43,20
43,17
43,18
43,20
43,19
43,21
43,19
43,20
43,20
44,20
44,18
44,21
44,21
44,20
44,20
44,21
44,21
44,23
44,21
44,19
44,21
44,20
44,19
44,20
44,20
44,19
44,19
44,18
44,17
44,22
44,20
44,19
44,22
44,19
44,20
44,21
44,21
44,21
44,22
44,21
44,21
44,19
44,20
44,18
44,21
44,22
44,19
44,20
44,20
44,23
44,21
44,19
44,20
44,21
44,21
44,22
44,21
44,20
44,21
44,20
44,24
44,23
44,22
44,23
44,18
44,21
44,20
44,20
44,19
44,21
44,21
44,21
44,20
44,21
44,22
44,21
44,21
44,20
44,22
44,21
44,20
44,20
44,22
44,21
44,21
44,20
44,19
44,21
44,18
44,21
44,19
44,17
44,19
44,20
44,18
44,18
44,22
44,23
44,19
44,20
44,19
44,22
44,19
44,20
44,19
44,22
44,20
44,19
44,20
45,17
45,19
45,19
45,20
45,19
45,23
45,18
45,20
45,22
45,19
45,19
45,21
45,20
45,21
45,20
45,18
45,20
45,22
45,20
45,21
45,21
45,21
45,21
45,21
45,19
45,19
45,18
45,22
45,17
45,20
45,19
45,23
45,18
45,20
45,20
45,20
45,20
45,22
45,20
45,20
45,18
45,21
45,19
45,21
45,21
45,20
45,22
45,19
45,18
45,21
45,21
45,21
45,18
45,19
45,19
45,21
45,21
45,18
45,19
45,19
45,22
45,20
45,22
45,19
45,19
45,20
45,21
45,21
45,20
45,19
45,20
45,20
45,19
45,18
45,19
45,20
45,21
45,20
45,20
45,20
45,22
45,21
45,22
45,19
45,19
45,22
45,22
45,20
45,20
45,20
45,17
45,21
45,19
45,21
45,19
45,22
45,22
45,21
45,19
45,20
46,21
46,22
46,22
46,20
46,23
46,18
46,20
46,21
46,20
46,18
46,19
46,19
46,19
46,19
46,21
46,21
46,20
46,18
46,22
46,22
46,22
46,19
46,22
46,22
46,18
46,19
46,19
46,20
46,20
46,21
46,20
46,17
46,22
46,20
46,18
46,21
46,21
46,20
46,23
46,21
46,21
46,19
46,18
46,20
46,22
46,20
46,22
46,20
46,20
46,19
46,19
46,20
46,19
46,20
46,19
46,23
46,19
46,19
46,22
46,19
46,19
46,19
46,19
46,19
46,19
46,21
46,19
46,22
46,19
46,20
46,23
46,22
46,20
46,18
46,22
46,22
46,18
46,19
46,21
46,19
46,19
46,19
46,20
46,19
46,19
46,22
46,19
46,18
46,22
46,22
46,18
46,18
46,21
46,22
46,18
46,19
46,19
46,18
46,19
46,17
47,20
47,21
47,18
47,19
47,22
47,21
47,20
47,21
47,21
47,22
47,21
47,19
47,20
47,20
47,21
47,20
47,19
47,18
47,22
47,22
47,19
47,19
47,22
47,21
47,20
47,17
47,21
47,20
47,20
47,19
47,23
47,20
47,19
47,19
47,19
47,23
47,18
47,19
47,18
47,22
47,21
47,22
47,22
47,20
47,19
47,17
47,21
47,18
47,23
47,20
47,18
47,19
47,21
47,19
47,21
47,19
47,21
47,22
47,19
47,20
47,20
47,20
47,21
47,21
47,23
47,20
47,20
47,18
47,18
47,20
47,19
47,21
47,20
47,20
47,18
47,19
47,18
47,20
47,17
47,19
47,18
47,22
47,21
47,23
47,17
47,19
47,18
47,21
47,21
47,18
47,21
47,21
47,18
47,20
47,18
47,23
47,23
47,20
47,20
47,21
48,20
48,19
48,20
48,19
48,20
48,21
48,21
48,21
48,19
48,19
48,18
48,20
48,21
48,19
48,20
48,20
48,24
48,20
48,22
48,19
48,21
48,19
48,21
48,21
48,22
48,18
48,20
48,23
48,21
48,20
48,20
48,20
48,21
48,19
48,19
48,18
48,19
48,18
48,20
48,20
48,23
48,19
48,19
48,20
48,21
48,20
48,19
48,21
48,22
48,22
48,21
48,18
48,18
48,23
48,18
48,18
48,19
48,18
48,20
48,22
48,20
48,18
48,23
48,19
48,18
48,17
48,21
48,20
48,21
48,21
48,20
48,20
48,21
48,20
48,23
48,19
48,19
48,23
48,19
48,19
48,20
48,19
48,19
48,19
48,21
48,21
48,20
48,19
48,21
48,18
48,17
48,20
48,20
48,21
48,19
48,22
48,21
48,20
48,17
48,24
49,20
49,19
49,21
49,20
49,21
49,22
49,23
49,20
49,18
49,20
49,17
49,20
49,20
49,19
49,20
49,21
49,19
49,18
49,20
49,21
49,22
49,19
49,20
49,19
49,18
49,18
49,20
49,20
49,19
49,20
49,21
49,21
49,20
49,19
49,21
49,20
49,21
49,17
49,19
49,21
49,19
49,20
49,21
49,19
49,18
49,20
49,20
49,20
49,22
49,22
49,21
49,19
49,19
49,20
49,23
49,17
49,22
49,20
49,21
49,22
49,19
49,19
49,19
49,18
49,19
49,17
49,18
49,20
49,22
49,19
49,18
49,19
49,20
49,21
49,20
49,20
49,19
49,19
49,19
49,21
49,19
49,20
49,17
49,21
49,20
49,20
49,21
49,19
49,21
49,21
49,18
49,18
49,20
49,21
49,18
49,19
49,18
49,19
49,19
49,19
50,22
50,19
50,21
50,21
50,20
50,22
50,20
50,19
50,20
50,20
50,17
50,17
50,21
50,17
50,19
50,20
50,22
50,23
50,19
50,21
50,20
50,22
50,22
50,20
50,18
50,21
50,18
50,20
50,20
50,21
50,22
50,20
50,18
50,21
50,21
50,19
50,19
50,19
50,20
50,18
50,18
50,20
50,19
50,19
50,20
50,22
50,19
50,19
50,22
50,20
50,19
50,20
50,21
50,19
50,21
50,21
50,17
50,20
50,19
50,19
50,20
50,20
50,21
50,19
50,21
50,18
50,20
50,18
50,21
50,19
50,20
50,21
50,21
50,19
50,22
50,22
50,17
50,18
50,20
50,19
50,22
50,20
50,20
50,21
50,20
50,20
50,20
50,20
50,19
50,21
50,19
50,21
50,21
50,20
50,21
50,20
50,22
50,20
50,20
50,20
51,21
51,19
51,21
51,21
51,20
51,20
51,20
51,21
51,21
51,19
51,17
51,21
51,21
51,21
51,21
51,21
51,21
51,20
51,19
51,22
51,20
51,21
51,20
51,18
51,19
51,19
51,21
51,17
51,19
51,20
51,19
51,21
51,21
51,21
51,19
51,20
51,22
51,20
51,21
51,21
51,20
51,20
51,20
51,19
51,23
51,21
51,22
51,18
51,21
51,20
51,19
51,21
51,19
51,21
51,21
51,19
51,21
51,21
51,20
51,19
51,18
51,20
51,19
51,21
51,20
51,17
51,20
51,19
51,19
51,19
51,20
51,19
51,20
51,20
51,19
51,20
51,20
51,20
51,20
51,18
51,20
51,20
51,22
51,20
51,20
51,21
51,20
51,20
51,20
51,21
51,21
51,21
51,18
51,19
51,17
51,21
51,18
51,22
51,19
51,20
52,21
52,20
52,21
52,21
52,21
52,20
52,21
52,20
52,23
52,22
52,19
52,19
52,20
52,19
52,21
52,19
52,22
52,21
52,22
52,22
52,22
52,19
52,21
52,21
52,19
52,22
52,21
52,17
52,21
52,18
52,20
52,18
52,20
52,20
52,22
52,21
52,16
52,21
52,20
52,21
52,20
52,21
52,19
52,21
52,18
52,19
52,21
52,20
52,20
52,20
52,21
52,21
52,21
52,21
52,19
52,21
52,21
52,20
52,20
52,19
52,22
52,22
52,20
52,21
52,21
52,22
52,21
52,20
52,20
52,20
52,22
52,18
52,21
52,21
52,19
52,21
52,20
52,20
52,21
52,20
52,19
52,19
52,21
52,20
52,20
52,21
52,19
52,18
52,18
52,20
52,19
52,20
52,20
52,21
52,19
52,18
52,19
52,19
52,19
52,19
53,21
53,19
53,20
53,20
53,20
53,20
53,21
53,19
53,21
53,18
53,19
53,17
53,19
53,21
53,19
53,20
53,22
53,20
53,19
53,21
53,20
53,21
53,21
53,20
53,21
53,21
53,20
53,18
53,21
53,18
53,18
53,18
53,22
53,20
53,21
53,19
53,21
53,20
53,19
53,20
53,20
53,21
53,21
53,20
53,17
53,20
53,20
53,21
53,22
53,19
53,22
53,19
53,22
53,20
53,20
53,18
53,20
53,18
53,21
53,20
53,21
53,20
53,21
53,21
53,20
53,19
53,22
53,19
53,19
53,19
53,21
53,20
53,21
53,21
53,18
53,20
53,18
53,21
53,20
53,19
53,20
53,20
53,21
53,20
53,22
53,18
53,21
53,20
53,19
53,20
53,20
53,22
53,20
53,21
53,21
53,20
53,21
53,18
53,21
53,20
54,22
54,19
54,20
54,21
54,18
54,22
54,20
54,20
54,19
54,19
54,20
54,19
54,19
54,22
54,21
54,19
54,22
54,19
54,19
54,20
54,19
54,22
54,18
54,21
54,20
54,22
54,19
54,20
54,20
54,21
54,19
54,20
54,20
54,21
54,19
54,18
54,22
54,18
54,19
54,18
54,18
54,19
54,20
54,20
54,20
54,20
54,21
54,19
54,20
54,18
54,21
54,20
54,19
54,20
54,22
54,18
54,21
54,20
54,21
54,20
54,18
54,20
54,22
54,20
54,21
54,20
54,20
54,19
54,21
54,20
54,22
54,20
54,19
54,21
54,20
54,23
54,21
54,18
54,19
54,20
54,22
54,21
54,19
54,19
54,20
54,21
54,20
54,20
54,20
54,19
54,20
54,20
54,18
54,20
54,18
54,21
54,23
54,18
54,20
54,20
55,20
55,22
55,21
55,19
55,18
55,19
55,20
55,18
55,21
55,21
55,19
55,21
55,19
55,20
55,20
55,22
55,20
55,21
55,20
55,19
55,19
55,19
55,20
55,20
55,21
55,19
55,20
55,21
55,19
55,17
55,20
55,21
55,20
55,22
55,19
55,21
55,20
55,19
55,18
55,19
55,18
55,21
55,19
55,19
55,19
55,19
55,18
55,21
55,17
55,20
55,19
55,20
55,21
55,18
55,19
55,22
55,21
55,21
55,18
55,21
55,23
55,20
55,23
55,21
55,21
55,21
55,18
55,19
55,21
55,21
55,20
55,23
55,19
55,19
55,20
55,20
55,21
55,22
55,19
55,20
55,20
55,19
55,21
55,21
55,21
55,18
55,22
55,20
55,20
55,21
55,20
55,19
55,18
55,20
55,21
55,20
55,19
55,21
55,19
55,20
56,17
56,19
56,19
56,18
56,20
56,20
56,18
56,20
56,18
56,19
56,19
56,20
56,20
56,21
56,23
56,20
56,19
56,18
56,20
56,19
56,21
56,17
56,21
56,22
56,19
56,18
56,19
56,19
56,20
56,20
56,19
56,22
56,20
56,22
56,20
56,20
56,21
56,22
56,21
56,22
56,20
56,20
56,19
56,19
56,18
56,22
56,20
56,20
56,21
56,19
56,20
56,21
56,20
56,18
56,20
56,20
56,21
56,20
56,19
56,19
56,19
56,21
56,19
56,20
56,19
56,21
56,20
56,22
56,19
56,19
56,19
56,22
56,20
56,18
56,18
56,20
56,22
56,19
56,21
56,22
56,19
56,19
56,22
56,20
56,19
56,18
56,20
56,19
56,19
56,19
56,20
56,20
56,21
56,21
56,21
56,18
56,20
56,20
56,22
56,21
57,18
57,19
57,19
57,20
57,19
57,20
57,20
57,19
57,22
57,20
57,20
57,22
57,20
57,18
57,20
57,21
57,22
57,19
57,17
57,20
57,18
57,17
57,21
57,21
57,21
57,20
57,18
57,20
57,19
57,19
57,23
57,22
57,19
57,21
57,20
57,19
57,17
57,18
57,21
57,21
57,17
57,17
57,21
57,22
57,19
57,21
57,19
57,23
57,21
57,21
57,20
57,20
57,20
57,20
57,18
57,20
57,20
57,19
57,18
57,20
57,20
57,20
57,20
57,18
57,22
57,19
57,22
57,18
57,18
57,20
57,19
57,19
57,21
57,18
57,22
57,20
57,19
57,18
57,19
57,19
57,19
57,20
57,20
57,21
57,18
57,20
57,20
57,18
57,19
57,20
57,19
57,21
57,23
57,22
57,18
57,20
57,18
57,21
57,22
57,20
58,22
58,19
58,20
58,20
58,19
58,23
58,19
58,19
58,20
58,19
58,22
58,18
58,18
58,22
58,21
58,19
58,18
58,19
58,19
58,20
58,21
58,19
58,18
58,20
58,20
58,20
58,20
58,20
58,19
58,19
58,22
58,20
58,19
58,19
58,19
58,19
58,23
58,20
58,20
58,19
58,20
58,19
58,19
58,20
58,20
58,19
58,20
58,20
58,22
58,21
58,19
58,21
58,21
58,19
58,19
58,21
58,20
58,19
58,20
58,19
58,19
58,22
58,19
58,21
58,19
58,19
58,17
58,21
58,18
58,18
58,21
58,20
58,20
58,17
58,22
58,19
58,21
58,17
58,21
58,21
58,21
58,21
58,22
58,18
58,19
58,22
58,19
58,20
58,20
58,20
58,20
58,21
58,22
58,19
58,21
58,20
58,20
58,19
58,19
58,19
59,19
59,20
59,20
59,19
59,20
59,20
59,20
59,20
59,19
59,20
59,21
59,21
59,19
59,20
59,19
59,19
59,19
59,19
59,20
59,18
59,20
59,21
59,19
59,19
59,21
59,20
59,21
59,21
59,21
59,20
59,18
59,18
59,20
59,19
59,19
59,18
59,19
59,18
59,20
59,22
59,19
59,18
59,20
59,19
59,21
59,21
59,20
59,23
59,20
59,20
59,20
59,21
59,20
59,19
59,18
59,19
59,19
59,19
59,19
59,21
59,19
59,20
59,20
59,17
59,18
59,20
59,18
59,22
59,21
59,20
59,20
59,20
59,19
59,20
59,16
59,20
59,18
59,20
59,19
59,21
59,20
59,21
59,18
59,20
59,20
59,19
59,20
59,19
59,19
59,21
59,21
59,20
59,20
59,18
59,18
59,21
59,18
59,18
59,19
59,22
60,17
60,18
60,19
60,19
60,20
60,20
60,18
60,20
60,18
60,17
60,19
60,19
60,22
60,20
60,20
60,20
60,20
60,21
60,19
60,21
60,21
60,20
60,18
60,19
60,20
60,21
60,20
60,20
60,20
60,18
60,19
60,19
60,18
60,19
60,19
60,20
60,19
60,20
60,18
60,20
60,20
60,19
60,23
60,19
60,23
60,20
60,20
60,22
60,20
60,21
60,18
60,20
60,20
60,18
60,20
60,19
60,21
60,19
60,22
60,22
60,20
60,19
60,20
60,20
60,21
60,21
60,20
60,22
60,19
60,19
60,19
60,22
60,21
60,22
60,19
60,21
60,20
60,19
60,20
60,18
60,21
60,20
60,19
60,19
60,22
60,18
60,19
60,21
60,21
60,19
60,21
60,20
60,20
60,19
60,20
60,21
60,20
60,18
60,19
60,20
61,19
61,23
61,20
61,19
61,22
61,19
61,18
61,22
61,20
61,21
61,19
61,20
61,19
61,20
61,21
61,21
61,19
61,21
61,17
61,20
61,19
61,18
61,19
61,21
61,20
61,19
61,21
61,20
61,19
61,22
61,21
61,22
61,21
61,18
61,20
61,19
61,23
61,19
61,20
61,20
61,18
61,20
61,21
61,20
61,17
61,21
61,19
61,19
61,21
61,21
61,19
61,21
61,21
61,19
61,20
61,20
61,18
61,20
61,17
61,20
61,21
61,18
61,21
61,19
61,20
61,18
61,19
61,18
61,20
61,18
61,20
61,19
61,19
61,19
61,17
61,20
61,22
61,19
61,18
61,20
61,19
61,19
61,19
61,18
61,20
61,19
61,19
61,21
61,18
61,18
61,20
61,19
61,20
61,19
61,20
61,20
61,21
61,20
61,20
61,22
62,20
62,21
62,19
62,19
62,19
62,20
62,21
62,17
62,17
62,19
62,20
62,21
62,19
62,19
62,20
62,22
62,21
62,18
62,19
62,21
62,19
62,22
62,19
62,21
62,20
62,21
62,21
62,17
62,20
62,21
62,18
62,18
62,19
62,20
62,18
62,18
62,18
62,18
62,22
62,19
62,19
62,21
62,20
62,21
62,20
62,21
62,19
62,18
62,19
62,18
62,19
62,20
62,20
62,20
62,19
62,22
62,19
62,19
62,20
62,17
62,20
62,20
62,19
62,20
62,18
62,19
62,21
62,19
62,18
62,22
62,20
62,20
62,20
62,20
62,18
62,19
62,18
62,19
62,20
62,19
62,21
62,19
62,19
62,18
62,16
62,19
62,19
62,19
62,22
62,22
62,20
62,19
62,18
62,20
62,20
62,20
62,18
62,21
62,20
62,19
63,21
63,21
63,19
63,21
63,20
63,18
63,20
63,19
63,19
63,19
63,19
63,17
63,20
63,22
63,20
63,21
63,19
63,20
63,18
63,22
63,20
63,18
63,20
63,18
63,19
63,21
63,19
63,20
63,19
63,19
63,20
63,21
63,19
63,18
63,20
63,20
63,18
63,20
63,18
63,20
63,22
63,18
63,17
63,21
63,19
63,20
63,18
63,20
63,19
63,19
63,21
63,19
63,18
63,20
63,20
63,19
63,18
63,22
63,19
63,20
63,20
63,20
63,19
63,21
63,20
63,19
63,19
63,20
63,22
63,21
63,19
63,19
63,22
63,19
63,19
63,21
63,21
63,20
63,20
63,19
63,20
63,21
63,21
63,21
63,19
63,19
63,20
63,19
63,20
63,18
63,21
63,18
63,21
63,19
63,18
63,17
63,20
63,22
63,21
63,19
64,21
64,19
64,22
64,18
64,20
64,19
64,20
64,18
64,19
64,21
64,19
64,21
64,22
64,20
64,21
64,19
64,17
64,19
64,19
64,18
64,21
64,21
64,20
64,19
64,18
64,21
64,21
64,21
64,19
64,20
64,20
64,20
64,20
64,21
64,20
64,21
64,21
64,21
64,20
64,19
64,18
64,21
64,21
64,22
64,20
64,21
64,19
64,21
64,20
64,19
64,19
64,21
64,19
64,20
64,21
64,20
64,19
64,20
64,19
64,20
64,21
64,18
64,17
64,20
64,21
64,19
64,21
64,19
64,19
64,20
64,18
64,18
64,19
64,21
64,18
64,18
64,20
64,21
64,20
64,19
64,19
64,20
64,19
64,20
64,19
64,20
64,22
64,21
64,20
64,19
64,19
64,18
64,20
64,19
64,18
64,20
64,19
64,20
64,18
64,18
65,20
65,18
65,20
65,18
65,20
65,21
65,19
65,21
65,20
65,18
65,20
65,18
65,20
65,21
65,21
65,18
65,19
65,20
65,18
65,21
65,19
65,19
65,20
65,20
65,18
65,23
65,19
65,20
65,18
65,20
65,19
65,20
65,19
65,18
65,21
65,18
65,21
65,20
65,18
65,19
65,20
65,19
65,19
65,21
65,22
65,18
65,18
65,18
65,20
65,19
65,21
65,20
65,20
65,18
65,20
65,21
65,17
65,20
65,21
65,19
65,20
65,22
65,20
65,20
65,20
65,18
65,22
65,21
65,21
65,22
65,20
65,19
65,19
65,21
65,21
65,19
65,19
65,21
65,18
65,19
65,19
65,21
65,19
65,20
65,21
65,20
65,21
65,19
65,22
65,21
65,21
65,19
65,18
65,18
65,21
65,19
65,19
65,19
65,20
65,21
66,17
66,19
66,19
66,18
66,20
66,18
66,20
66,19
66,22
66,21
66,19
66,19
66,19
66,19
66,19
66,18
66,20
66,19
66,17
66,21
66,18
66,19
66,20
66,21
66,19
66,22
66,19
66,20
66,21
66,20
66,21
66,19
66,19
66,19
66,19
66,18
66,18
66,20
66,20
66,19
66,20
66,19
66,20
66,22
66,22
66,21
66,18
66,18
66,19
66,18
66,22
66,19
66,22
66,21
66,21
66,19
66,21
66,21
66,21
66,21
66,21
66,19
66,19
66,21
66,22
66,20
66,21
66,19
66,22
66,21
66,20
66,18
66,19
66,19
66,18
66,18
66,22
66,19
66,20
66,19
66,21
66,21
66,20
66,21
66,21
66,21
66,19
66,19
66,21
66,18
66,20
66,18
66,19
66,20
66,18
66,20
66,20
66,20
66,18
66,18
67,17
67,21
67,20
67,21
67,20
67,18
67,21
67,18
67,18
67,21
67,19
67,21
67,18
67,20
67,18
67,20
67,20
67,21
67,19
67,19
67,20
67,20
67,21
67,20
67,21
67,22
67,20
67,20
67,21
67,20
67,23
67,21
67,19
67,21
67,19
67,19
67,18
67,22
67,19
67,20
67,20
67,19
67,22
67,19
67,19
67,19
67,20
67,20
67,20
67,18
67,21
67,20
67,21
67,20
67,18
67,18
67,22
67,21
67,20
67,21
67,21
67,19
67,19
67,20
67,17
67,21
67,21
67,20
67,19
67,19
67,20
67,21
67,20
67,22
67,22
67,18
67,22
67,18
67,19
67,21
67,19
67,18
67,21
67,22
67,18
67,20
67,20
67,19
67,18
67,22
67,21
67,20
67,21
67,21
67,20
67,21
67,19
67,19
67,17
67,19
68,17
68,20
68,19
68,20
68,20
68,21
68,18
68,20
68,19
68,19
68,19
68,19
68,20
68,22
68,17
68,17
68,19
68,19
68,21
68,19
68,21
68,17
68,20
68,21
68,20
68,19
68,21
68,19
68,20
68,20
68,20
68,22
68,19
68,18
68,18
68,20
68,20
68,21
68,20
68,19
68,19
68,20
68,21
68,21
68,19
68,19
68,20
68,18
68,19
68,21
68,22
68,22
68,21
68,20
68,22
68,20
68,20
68,20
68,21
68,20
68,17
68,20
68,19
68,21
68,21
68,19
68,20
68,22
68,19
68,18
68,20
68,19
68,20
68,21
68,20
68,19
68,20
68,20
68,21
68,22
68,19
68,18
68,19
68,17
68,18
68,21
68,17
68,22
68,20
68,21
68,19
68,19
68,20
68,19
68,20
68,20
68,20
68,22
68,17
68,21
69,19
69,20
69,19
69,20
69,17
69,22
69,19
69,20
69,21
69,19
69,18
69,19
69,21
69,20
69,21
69,21
69,20
69,21
69,21
69,20
69,21
69,21
69,20
69,20
69,19
69,19
69,20
69,20
69,19
69,20
69,19
69,21
69,21
69,20
69,21
69,18
69,20
69,21
69,20
69,21
69,21
69,18
69,20
69,21
69,21
69,17
69,20
69,22
69,19
69,20
69,20
69,21
69,20
69,21
69,21
69,21
69,23
69,20
69,16
69,20
69,22
69,19
69,21
69,21
69,20
69,19
69,21
69,20
69,19
69,21
69,18
69,19
69,21
69,21
69,20
69,21
69,21
69,20
69,20
69,21
69,19
69,23
69,17
69,22
69,21
69,21
69,17
69,18
69,18
69,21
69,21
69,19
69,20
69,19
69,21
69,20
69,20
69,20
69,19
69,21
70,18
70,20
70,21
70,18
70,20
70,20
70,22
70,19
70,20
70,20
70,16
70,21
70,20
70,19
70,20
70,20
70,20
70,20
70,19
70,21
70,20
70,20
70,21
70,20
70,21
70,21
70,21
70,21
70,19
70,21
70,21
70,19
70,19
70,20
70,22
70,19
70,21
70,20
70,19
70,20
70,21
70,19
70,21
70,20
70,22
70,20
70,20
70,19
70,19
70,20
70,21
70,20
70,19
70,19
70,18
70,18
70,19
70,22
70,22
70,20
70,18
70,20
70,22
70,20
70,18
70,21
70,22
70,22
70,20
70,20
70,22
70,22
70,18
70,20
70,19
70,17
70,22
70,19
70,22
70,18
70,20
70,21
70,20
70,20
70,22
70,21
70,20
70,19
70,20
70,18
70,21
70,20
70,19
70,20
70,19
70,20
70,21
70,20
70,18
70,21
71,21
71,22
71,19
71,19
71,20
71,20
71,21
71,21
71,22
71,20
71,21
71,22
71,18
71,19
71,19
71,20
71,22
71,19
71,21
71,20
71,19
71,19
71,20
71,21
71,21
71,20
71,18
71,20
71,19
71,21
71,22
71,17
71,20
71,18
71,20
71,19
71,21
71,20
71,20
71,19
71,18
71,18
71,21
71,22
71,19
71,20
71,21
71,19
71,19
71,20
71,21
71,19
71,21
71,19
71,22
71,20
71,18
71,22
71,21
71,18
71,21
71,20
71,18
71,18
71,19
71,23
71,20
71,20
71,22
71,20
71,20
71,23
71,21
71,21
71,19
71,18
71,19
71,20
71,20
71,22
71,21
71,19
71,20
71,19
71,20
71,18
71,19
71,22
71,18
71,20
71,20
71,21
71,23
71,21
71,22
71,20
71,22
71,17
71,19
71,20
72,18
72,20
72,23
72,21
72,19
72,21
72,18
72,21
72,21
72,22
72,21
72,20
72,19
72,19
72,19
72,23
72,19
72,17
72,20
72,19
72,19
72,16
72,20
72,19
72,19
72,18
72,19
72,19
72,20
72,20
72,18
72,19
72,20
72,21
72,19
72,20
72,21
72,20
72,17
72,22
72,21
72,21
72,20
72,21
72,19
72,20
72,21
72,20
72,20
72,20
72,20
72,21
72,21
72,20
72,19
72,19
72,22
72,20
72,19
72,19
72,20
72,19
72,20
72,20
72,19
72,21
72,20
72,19
72,21
72,20
72,18
72,21
72,21
72,18
72,22
72,19
72,20
72,20
72,21
72,21
72,21
72,20
72,20
72,21
72,21
72,19
72,20
72,20
72,19
72,19
72,20
72,18
72,19
72,20
72,20
72,21
72,20
72,19
72,21
72,21
73,22
73,20
73,20
73,18
73,22
73,21
73,22
73,19
73,19
73,20
73,21
73,21
73,20
73,18
73,20
73,18
73,21
73,20
73,19
73,20
73,22
73,20
73,20
73,20
73,20
73,21
73,20
73,21
73,18
73,19
73,20
73,20
73,19
73,22
73,20
73,19
73,20
73,19
73,20
73,20
73,18
73,18
73,18
73,19
73,20
73,20
73,21
73,19
73,20
73,21
73,18
73,19
73,22
73,19
73,20
73,21
73,19
73,21
73,19
73,21
73,22
73,20
73,19
73,19
73,19
73,20
73,18
73,21
73,20
73,19
73,20
73,21
73,20
73,21
73,19
73,19
73,21
73,21
73,20
73,19
73,21
73,20
73,19
73,20
73,18
73,19
73,22
73,20
73,20
73,21
73,19
73,19
73,19
73,19
73,19
73,20
73,20
73,21
73,18
73,22
74,22
74,17
74,19
74,20
74,18
74,20
74,22
74,21
74,19
74,18
74,22
74,20
74,20
74,18
74,21
74,19
74,22
74,21
74,21
74,21
74,20
74,20
74,19
74,21
74,20
74,20
74,21
74,18
74,19
74,20
74,19
74,21
74,21
74,23
74,19
74,20
74,17
74,21
74,21
74,20
74,19
74,19
74,19
74,20
74,20
74,21
74,20
74,21
74,21
74,19
74,18
74,20
74,22
74,18
74,20
74,20
74,20
74,20
74,18
74,20
74,19
74,20
74,20
74,22
74,19
74,18
74,20
74,21
74,19
74,21
74,22
74,20
74,23
74,20
74,19
74,19
74,23
74,21
74,21
74,21
74,21
74,18
74,20
74,20
74,19
74,18
74,20
74,21
74,20
74,21
74,18
74,21
74,21
74,19
74,20
74,19
74,19
74,20
74,19
74,20
75,22
75,19
75,19
75,20
75,20
75,22
75,21
75,20
75,18
75,19
75,20
75,21
75,20
75,18
75,21
75,20
75,20
75,18
75,20
75,20
75,19
75,20
75,19
75,19
75,21
75,18
75,17
75,22
75,21
75,22
75,22
75,19
75,19
75,22
75,21
75,20
75,18
75,20
75,18
75,22
75,21
75,21
75,20
75,19
75,19
75,21
75,20
75,22
75,18
75,21
75,20
75,21
75,21
75,19
75,21
75,19
75,20
75,23
75,20
75,20
75,19
75,18
75,21
75,19
75,19
75,21
75,21
75,19
75,20
75,19
75,23
75,22
75,20
75,18
75,19
75,21
75,20
75,22
75,22
75,22
75,19
75,19
75,20
75,20
75,18
75,20
75,21
75,18
75,19
75,20
75,22
75,20
75,21
75,20
75,19
75,21
75,21
75,19
75,23
75,20
76,17
76,20
76,21
76,23
76,20
76,19
76,18
76,19
76,20
76,20
76,20
76,19
76,22
76,21
76,20
76,20
76,20
76,19
76,19
76,21
76,18
76,20
76,20
76,21
76,19
76,19
76,19
76,21
76,20
76,21
76,21
76,21
76,21
76,22
76,21
76,23
76,19
76,21
76,19
76,20
76,21
76,18
76,19
76,20
76,20
76,21
76,21
76,18
76,18
76,20
76,22
76,21
76,19
76,20
76,20
76,22
76,21
76,20
76,20
76,21
76,21
76,20
76,20
76,20
76,20
76,20
76,21
76,19
76,20
76,22
76,21
76,21
76,18
76,18
76,21
76,20
76,19
76,20
76,20
76,21
76,21
76,21
76,18
76,20
76,18
76,19
76,19
76,18
76,20
76,18
76,18
76,20
76,21
76,20
76,21
76,20
76,20
76,18
76,20
76,20
77,19
77,21
77,19
77,19
77,20
77,20
77,19
77,19
77,21
77,19
77,20
77,19
77,22
77,19
77,20
77,19
77,20
77,19
77,23
77,21
77,19
77,21
77,22
77,20
77,20
77,19
77,21
77,20
77,19
77,21
77,21
77,20
77,19
77,21
77,18
77,22
77,19
77,20
77,20
77,23
77,20
77,21
77,20
77,20
77,20
77,18
77,19
77,23
77,21
77,22
77,21
77,21
77,21
77,22
77,21
77,20
77,21
77,20
77,20
77,19
77,19
77,18
77,21
77,17
77,21
77,18
77,19
77,18
77,21
77,21
77,21
77,21
77,20
77,21
77,19
77,20
77,19
77,20
77,23
77,19
77,20
77,20
77,20
77,20
77,21
77,20
77,19
77,20
77,22
77,21
77,21
77,20
77,17
77,22
77,22
77,20
77,20
77,17
77,22
77,19
78,19
78,21
78,19
78,19
78,20
78,20
78,21
78,19
78,21
78,20
78,19
78,18
78,20
78,20
78,21
78,20
78,21
78,18
78,19
78,21
78,19
78,17
78,22
78,20
78,21
78,19
78,20
78,20
78,22
78,21
78,18
78,20
78,19
78,20
78,20
78,18
78,20
78,21
78,19
78,20
78,21
78,20
78,18
78,20
78,21
78,18
78,22
78,20
78,20
78,21
78,20
78,21
78,18
78,19
78,20
78,19
78,22
78,19
78,23
78,21
78,19
78,20
78,21
78,20
78,19
78,21
78,22
78,19
78,18
78,20
78,20
78,19
78,20
78,22
78,22
78,19
78,19
78,21
78,22
78,22
78,19
78,20
78,21
78,22
78,23
78,21
78,19
78,21
78,20
78,18
78,20
78,20
78,19
78,21
78,21
78,21
78,18
78,20
78,20
78,20
79,19
79,20
79,19
79,18
79,21
79,19
79,20
79,20
79,22
79,19
79,20
79,21
79,20
79,21
79,21
79,21
79,21
79,20
79,20
79,19
79,20
79,20
79,20
79,20
79,20
79,18
79,20
79,21
79,19
79,22
79,19
79,19
79,21
79,20
79,20
79,21
79,18
79,19
79,20
79,21
79,21
79,21
79,19
79,20
79,18
79,19
79,21
79,20
79,20
79,19
79,20
79,19
79,21
79,18
79,21
79,20
79,18
79,20
79,20
79,21
79,19
79,17
79,20
79,19
79,20
79,19
79,22
79,21
79,20
79,22
79,20
79,20
79,20
79,21
79,20
79,20
79,19
79,19
79,20
79,21
79,19
79,20
79,20
79,19
79,20
79,19
79,21
79,19
79,22
79,18
79,21
79,20
79,20
79,21
79,21
79,19
79,19
79,20
79,19
79,21
80,19
80,20
80,23
80,20
80,19
80,19
80,21
80,20
80,21
80,20
80,22
80,19
80,22
80,22
80,21
80,20
80,20
80,20
80,20
80,20
80,21
80,20
80,20
80,20
80,19
80,19
80,20
80,22
80,18
80,20
80,19
80,19
80,20
80,21
80,22
80,19
80,20
80,20
80,21
80,20
80,22
80,19
80,20
80,21
80,19
80,21
80,20
80,21
80,19
80,21
80,19
80,20
80,20
80,21
80,21
80,20
80,20
80,21
80,19
80,20
80,19
80,18
80,20
80,19
80,21
80,20
80,20
80,19
80,19
80,21
80,19
80,22
80,20
80,21
80,21
80,20
80,20
80,18
80,19
80,20
80,19
80,19
80,19
80,19
80,21
80,19
80,20
80,22
80,22
80,18
80,19
80,20
80,22
80,19
80,19
80,19
80,20
80,20
80,16
80,21
81,19
81,19
81,20
81,20
81,20
81,20
81,20
81,22
81,20
81,22
81,18
81,23
81,21
81,21
81,19
81,19
81,19
81,19
81,20
81,21
81,20
81,20
81,21
81,19
81,20
81,20
81,19
81,18
81,22
81,20
81,23
81,20
81,19
81,19
81,21
81,18
81,20
81,21
81,21
81,19
81,18
81,19
81,21
81,20
81,18
81,20
81,20
81,21
81,19
81,19
81,20
81,20
81,20
81,20
81,21
81,19
81,20
81,20
81,20
81,21
81,20
81,21
81,19
81,19
81,20
81,18
81,21
81,21
81,20
81,18
81,19
81,20
81,21
81,19
81,21
81,22
81,21
81,20
81,20
81,21
81,23
81,18
81,20
81,18
81,23
81,20
81,19
81,21
81,20
81,21
81,22
81,19
81,19
81,21
81,21
81,21
81,18
81,21
81,18
81,20
82,21
82,21
82,22
82,19
82,21
82,19
82,21
82,18
82,19
82,24
82,22
82,19
82,20
82,18
82,20
82,18
82,20
82,20
82,18
82,18
82,19
82,21
82,17
82,22
82,20
82,19
82,19
82,19
82,19
82,17
82,18
82,19
82,20
82,20
82,20
82,20
82,21
82,20
82,20
82,20
82,19
82,20
82,21
82,21
82,18
82,19
82,21
82,19
82,22
82,21
82,20
82,20
82,22
82,22
82,18
82,20
82,19
82,20
82,20
82,21
82,21
82,20
82,21
82,20
82,19
82,19
82,19
82,18
82,20
82,20
82,21
82,22
82,22
82,20
82,20
82,22
82,20
82,19
82,20
82,21
82,19
82,21
82,20
82,19
82,19
82,21
82,20
82,20
82,20
82,21
82,22
82,20
82,20
82,20
82,19
82,20
82,21
82,19
82,18
82,20
83,19
83,20
83,20
83,20
83,23
83,21
83,22
83,19
83,17
83,20
83,19
83,21
83,20
83,20
83,23
83,19
83,21
83,20
83,20
83,22
83,21
83,18
83,20
83,19
83,18
83,21
83,20
83,21
83,20
83,20
83,22
83,19
83,20
83,21
83,21
83,17
83,19
83,20
83,19
83,20
83,20
83,18
83,20
83,22
83,20
83,20
83,20
83,21
83,19
83,18
83,18
83,18
83,22
83,22
83,21
83,22
83,19
83,21
83,20
83,20
83,21
83,20
83,20
83,20
83,21
83,19
83,21
83,22
83,18
83,23
83,21
83,22
83,21
83,18
83,23
83,21
83,21
83,18
83,19
83,19
83,21
83,20
83,20
83,20
83,22
83,18
83,18
83,21
83,18
83,21
83,19
83,21
83,20
83,20
83,22
83,19
83,19
83,21
83,20
83,21
84,20
84,19
84,20
84,21
84,21
84,20
84,19
84,20
84,21
84,19
84,20
84,20
84,19
84,21
84,19
84,19
84,21
84,21
84,19
84,21
84,21
84,19
84,21
84,21
84,20
84,20
84,20
84,19
84,19
84,20
84,20
84,20
84,19
84,19
84,20
84,22
84,19
84,21
84,20
84,18
84,20
84,20
84,20
84,21
84,20
84,18
84,20
84,19
84,20
84,21
84,19
84,21
84,21
84,20
84,20
84,19
84,19
84,19
84,20
84,19
84,19
84,20
84,19
84,18
84,19
84,19
84,19
84,20
84,22
84,20
84,22
84,19
84,21
84,19
84,19
84,19
84,20
84,21
84,23
84,21
84,21
84,22
84,18
84,19
84,21
84,21
84,19
84,20
84,20
84,21
84,19
84,20
84,21
84,22
84,21
84,20
84,20
84,22
84,21
84,19
85,19
85,18
85,22
85,19
85,20
85,19
85,21
85,19
85,20
85,22
85,20
85,21
85,22
85,21
85,19
85,20
85,19
85,22
85,21
85,21
85,20
85,19
85,21
85,19
85,20
85,20
85,20
85,21
85,21
85,20
85,19
85,20
85,19
85,20
85,20
85,20
85,21
85,18
85,21
85,20
85,21
85,18
85,21
85,23
85,21
85,18
85,19
85,21
85,21
85,18
85,20
85,18
85,21
85,20
85,20
85,20
85,20
85,20
85,21
85,21
85,20
85,20
85,19
85,22
85,20
85,19
85,19
85,20
85,19
85,18
85,20
85,21
85,22
85,21
85,20
85,20
85,20
85,21
85,18
85,20
85,22
85,18
85,19
85,20
85,20
85,20
85,22
85,18
85,19
85,20
85,22
85,21
85,22
85,20
85,21
85,19
85,20
85,19
85,19
85,20
86,20
86,21
86,18
86,19
86,21
86,20
86,20
86,19
86,18
86,20
86,22
86,19
86,19
86,23
86,20
86,22
86,21
86,21
86,20
86,20
86,20
86,20
86,18
86,20
86,19
86,19
86,21
86,21
86,20
86,18
86,20
86,21
86,22
86,20
86,19
86,19
86,22
86,20
86,22
86,18
86,21
86,20
86,19
86,21
86,22
86,21
86,19
86,19
86,20
86,19
86,18
86,21
86,18
86,21
86,19
86,20
86,18
86,22
86,20
86,18
86,22
86,19
86,17
86,20
86,21
86,18
86,19
86,22
86,18
86,20
86,20
86,19
86,21
86,20
86,18
86,19
86,19
86,20
86,22
86,18
86,20
86,20
86,17
86,21
86,20
86,22
86,20
86,19
86,18
86,20
86,19
86,21
86,21
86,21
86,20
86,20
86,20
86,20
86,21
86,20
87,22
87,22
87,18
87,21
87,19
87,21
87,22
87,21
87,21
87,18
87,17
87,19
87,19
87,21
87,20
87,21
87,21
87,20
87,18
87,19
87,19
87,22
87,20
87,18
87,20
87,20
87,19
87,21
87,20
87,21
87,19
87,21
87,18
87,19
87,18
87,21
87,19
87,18
87,19
87,20
87,20
87,22
87,20
87,21
87,20
87,20
87,20
87,20
87,19
87,20
87,20
87,20
87,19
87,21
87,20
87,20
87,20
87,19
87,22
87,21
87,22
87,21
87,19
87,22
87,21
87,21
87,20
87,21
87,22
87,23
87,20
87,22
87,21
87,19
87,22
87,19
87,21
87,21
87,21
87,23
87,18
87,21
87,19
87,21
87,22
87,17
87,20
87,22
87,20
87,22
87,20
87,19
87,20
87,21
87,19
87,20
87,21
87,23
87,19
87,20
88,18
88,20
88,17
88,20
88,19
88,21
88,18
88,21
88,22
88,19
88,21
88,20
88,18
88,20
88,19
88,19
88,19
88,20
88,20
88,20
88,19
88,21
88,20
88,21
88,20
88,20
88,23
88,19
88,21
88,19
88,20
88,22
88,19
88,21
88,19
88,20
88,18
88,22
88,19
88,20
88,20
88,21
88,20
88,22
88,21
88,20
88,19
88,20
88,21
88,19
88,20
88,21
88,20
88,21
88,19
88,20
88,20
88,20
88,20
88,19
88,20
88,21
88,18
88,20
88,21
88,21
88,19
88,19
88,20
88,21
88,20
88,20
88,21
88,22
88,20
88,21
88,21
88,21
88,17
88,21
88,22
88,21
88,20
88,21
88,20
88,21
88,22
88,21
88,19
88,19
88,22
88,20
88,21
88,19
88,21
88,20
88,20
88,20
88,20
88,20
89,19
89,19
89,22
89,19
89,21
89,19
89,20
89,19
89,20
89,21
89,19
89,20
89,21
89,21
89,20
89,19
89,21
89,21
89,21
89,20
89,19
89,19
89,19
89,18
89,19
89,19
89,19
89,20
89,19
89,21
89,21
89,21
89,21
89,21
89,19
89,20
89,20
89,19
89,18
89,19
89,19
89,20
89,21
89,19
89,20
89,21
89,19
89,20
89,20
89,19
89,20
89,18
89,18
89,21
89,21
89,18
89,22
89,20
89,19
89,21
89,22
89,19
89,19
89,22
89,20
89,21
89,20
89,21
89,20
89,19
89,21
89,21
89,18
89,22
89,22
89,17
89,21
89,21
89,20
89,21
89,21
89,19
89,19
89,20
89,21
89,20
89,19
89,22
89,18
89,21
89,20
89,20
89,20
89,18
89,19
89,23
89,20
89,19
89,23
89,21
90,20
90,19
90,20
90,18
90,18
90,20
90,19
90,18
90,21
90,19
90,20
90,20
90,21
90,22
90,20
90,21
90,18
90,22
90,21
90,20
90,19
90,20
90,22
90,22
90,18
90,21
90,21
90,19
90,20
90,19
90,19
90,21
90,21
90,19
90,22
90,20
90,19
90,22
90,19
90,21
90,20
90,20
90,19
90,23
90,19
90,20
90,22
90,20
90,19
90,19
90,22
90,19
90,21
90,20
90,19
90,19
90,22
90,21
90,18
90,21
90,18
90,22
90,20
90,19
90,21
90,19
90,22
90,22
90,19
90,20
90,21
90,22
90,21
90,19
90,19
90,19
90,20
90,20
90,22
90,19
90,18
90,22
90,19
90,21
90,20
90,20
90,20
90,22
90,21
90,20
90,21
90,18
90,19
90,21
90,20
90,19
90,17
90,21
90,20
90,20
91,18
91,22
91,20
91,19
91,20
91,19
91,18
91,20
91,19
91,20
91,22
91,19
91,21
91,22
91,19
91,20
91,19
91,19
91,22
91,19
91,19
91,20
91,19
91,20
91,20
91,21
91,20
91,22
91,20
91,18
91,18
91,21
91,21
91,21
91,21
91,22
91,21
91,20
91,22
91,21
91,18
91,21
91,19
91,19
91,19
91,22
91,20
91,20
91,20
91,21
91,20
91,23
91,20
91,18
91,18
91,21
91,19
91,21
91,20
91,21
91,21
91,19
91,20
91,21
91,17
91,21
91,19
91,20
91,19
91,20
91,19
91,20
91,19
91,20
91,20
91,20
91,21
91,23
91,21
91,23
91,22
91,19
91,23
91,19
91,19
91,22
91,21
91,19
91,21
91,21
91,19
91,18
91,17
91,18
91,19
91,20
91,18
91,21
91,19
91,20
92,19
92,20
92,19
92,20
92,19
92,21
92,20
92,21
92,19
92,22
92,21
92,21
92,18
92,21
92,18
92,19
92,19
92,20
92,22
92,20
92,18
92,20
92,19
92,20
92,20
92,22
92,19
92,20
92,22
92,19
92,20
92,19
92,21
92,20
92,22
92,18
92,20
92,17
92,17
92,21
92,18
92,21
92,22
92,17
92,22
92,21
92,21
92,20
92,19
92,19
92,20
92,22
92,21
92,18
92,21
92,19
92,21
92,20
92,22
92,20
92,20
92,20
92,20
92,18
92,22
92,20
92,18
92,18
92,20
92,21
92,18
92,21
92,18
92,18
92,22
92,21
92,18
92,18
92,21
92,22
92,18
92,21
92,20
92,19
92,23
92,22
92,21
92,20
92,20
92,21
92,19
92,20
92,21
92,19
92,22
92,21
92,23
92,20
92,21
92,21
93,21
93,20
93,22
93,17
93,22
93,18
93,21
93,21
93,18
93,21
93,18
93,22
93,19
93,21
93,19
93,21
93,21
93,19
93,22
93,19
93,18
93,21
93,20
93,22
93,18
93,20
93,19
93,20
93,21
93,19
93,20
93,20
93,19
93,22
93,22
93,18
93,22
93,21
93,19
93,19
93,20
93,20
93,20
93,20
93,20
93,21
93,21
93,20
93,18
93,23
93,22
93,20
93,21
93,21
93,19
93,19
93,22
93,19
93,19
93,18
93,19
93,19
93,21
93,18
93,21
93,20
93,20
93,21
93,21
93,21
93,22
93,22
93,20
93,19
93,18
93,20
93,21
93,20
93,22
93,21
93,20
93,17
93,18
93,18
93,20
93,20
93,19
93,19
93,22
93,20
93,19
93,22
93,20
93,20
93,18
93,18
93,20
93,20
93,20
93,20
94,19
94,20
94,20
94,21
94,20
94,20
94,21
94,21
94,21
94,18
94,19
94,22
94,20
94,20
94,19
94,22
94,18
94,18
94,20
94,20
94,20
94,19
94,22
94,20
94,20
94,19
94,19
94,21
94,20
94,19
94,22
94,18
94,17
94,20
94,19
94,22
94,22
94,21
94,20
94,23
94,20
94,19
94,22
94,20
94,21
94,19
94,20
94,19
94,19
94,20
94,23
94,21
94,20
94,21
94,21
94,20
94,18
94,20
94,18
94,18
94,17
94,19
94,22
94,19
94,19
94,20
94,20
94,20
94,22
94,19
94,18
94,21
94,21
94,21
94,20
94,20
94,20
94,20
94,23
94,20
94,21
94,20
94,20
94,20
94,20
94,21
94,18
94,21
94,17
94,20
94,23
94,22
94,22
94,21
94,19
94,21
94,19
94,19
94,18
94,18
95,20
95,22
95,19
95,23
95,21
95,23
95,20
95,20
95,19
95,18
95,20
95,20
95,19
95,21
95,17
95,20
95,20
95,21
95,20
95,20
95,19
95,21
95,20
95,20
95,19
95,19
95,19
95,21
95,20
95,22
95,21
95,18
95,22
95,17
95,19
95,18
95,17
95,22
95,20
95,19
95,19
95,19
95,19
95,19
95,22
95,19
95,22
95,20
95,20
95,20
95,23
95,19
95,22
95,20
95,21
95,20
95,20
95,20
95,19
95,20
95,19
95,19
95,18
95,19
95,23
95,21
95,19
95,20
95,20
95,20
95,19
95,21
95,20
95,19
95,19
95,22
95,20
95,20
95,20
95,21
95,20
95,19
95,20
95,19
95,20
95,22
95,19
95,20
95,18
95,21
95,21
95,18
95,19
95,21
95,19
95,19
95,18
95,21
95,19
95,19
96,21
96,20
96,18
96,18
96,21
96,18
96,20
96,19
96,18
96,20
96,19
96,22
96,19
96,20
96,19
96,18
96,20
96,21
96,20
96,21
96,20
96,19
96,23
96,21
96,20
96,18
96,20
96,21
96,20
96,20
96,19
96,21
96,22
96,21
96,17
96,18
96,22
96,19
96,21
96,22
96,20
96,21
96,20
96,20
96,23
96,18
96,17
96,19
96,20
96,18
96,20
96,18
96,18
96,20
96,19
96,19
96,20
96,24
96,20
96,21
96,22
96,19
96,19
96,20
96,20
96,19
96,21
96,20
96,19
96,20
96,21
96,22
96,20
96,20
96,20
96,22
96,20
96,20
96,21
96,19
96,20
96,19
96,20
96,20
96,18
96,20
96,19
96,21
96,19
96,21
96,19
96,20
96,20
96,18
96,21
96,19
96,21
96,21
96,21
96,21
97,20
97,18
97,18
97,21
97,20
97,20
97,19
97,20
97,20
97,20
97,19
97,20
97,19
97,21
97,19
97,22
97,19
97,21
97,20
97,19
97,20
97,20
97,22
97,18
97,19
97,20
97,22
97,21
97,18
97,19
97,19
97,19
97,20
97,19
97,18
97,22
97,21
97,18
97,20
97,21
97,21
97,20
97,21
97,21
97,20
97,21
97,20
97,20
97,23
97,21
97,17
97,17
97,20
97,18
97,21
97,20
97,21
97,23
97,21
97,21
97,19
97,19
97,19
97,21
97,20
97,20
97,21
97,24
97,21
97,21
97,19
97,21
97,20
97,19
97,20
97,21
97,20
97,21
97,18
97,20
97,19
97,19
97,19
97,21
97,20
97,20
97,20
97,22
97,19
97,22
97,21
97,20
97,18
97,18
97,20
97,19
97,21
97,19
97,20
97,19
98,20
98,20
98,20
98,22
98,19
98,19
98,21
98,20
98,21
98,21
98,21
98,20
98,21
98,22
98,21
98,20
98,19
98,19
98,18
98,21
98,18
98,20
98,20
98,21
98,19
98,20
98,21
98,20
98,20
98,17
98,21
98,21
98,20
98,20
98,22
98,21
98,20
98,20
98,20
98,21
98,25
98,19
98,19
98,22
98,16
98,19
98,21
98,19
98,20
98,20
98,20
98,20
98,18
98,18
98,18
98,19
98,19
98,20
98,19
98,19
98,19
98,19
98,20
98,21
98,22
98,20
98,20
98,21
98,17
98,21
98,22
98,19
98,21
98,19
98,19
98,20
98,21
98,17
98,21
98,20
98,21
98,22
98,22
98,19
98,18
98,22
98,21
98,19
98,22
98,20
98,19
98,19
98,21
98,21
98,20
98,18
98,18
98,22
98,21
98,19
99,20
99,20
99,22
99,21
99,22
99,19
99,20
99,22
99,20
99,21
99,21
99,21
99,19
99,19
99,21
99,21
99,20
99,20
99,19
99,19
99,22
99,21
99,22
99,20
99,18
99,21
99,21
99,21
99,20
99,20
99,20
99,20
99,18
99,19
99,22
99,21
99,19
99,19
99,21
99,19
99,19
99,17
99,21
99,19
99,19
99,19
99,18
99,20
99,21
99,16
99,22
99,19
99,19
99,19
99,22
99,21
99,20
99,22
99,20
99,21
99,20
99,20
99,23
99,19
99,21
99,22
99,22
99,20
99,19
99,21
99,22
99,19
99,20
99,20
99,19
99,18
99,21
99,21
99,20
99,19
99,21
99,19
99,18
99,23
99,18
99,20
99,19
99,22
99,21
99,20
99,18
99,21
99,20
99,17
99,19
99,19
99,21
99,19
99,20
99,20
100,20
100,19
100,20
100,21
100,19
100,19
100,22
100,22
100,20
100,20
100,20
100,17
100,18
100,19
100,19
100,21
100,22
100,18
100,20
100,21
100,21
100,18
100,21
100,18
100,19
100,20
100,19
100,21
100,20
100,17
100,19
100,20
100,18
100,20
100,21
100,20
100,18
100,22
100,20
100,18
100,21
100,21
100,20
100,23
100,19
100,19
100,18
100,18
100,19
100,19
100,21
100,19
100,18
100,21
100,18
100,20
100,18
100,20
100,18
100,20
100,21
100,21
100,21
100,19
100,21
100,20
100,21
100,21
100,19
100,19
100,19
100,19
100,19
100,22
100,19
100,22
100,20
100,19
100,21
100,19
100,20
100,20
100,20
100,18
100,22
100,19
100,20
100,20
100,18
100,21
100,20
100,18
100,21
100,18
100,17
100,17
100,24
100,18
100,19
100,22
